state,study_site,total,hh_children,job_disruption,bipoc,nhw,nhb,hispanic,other,overall_before,overall_after,overall_diff,bipoc_before,bipoc_after,bipoc_diff,nhw_before,nhw_after,nhw_diff,nhb_before,nhb_after,nhb_diff,h_before,h_after,h_diff,job_disruption,job_loss,furlough,reduced_hours,target_population,rep_state,sample_type,start_month,start_year,end_month,end_year,weighting,sample_recruitment
Alabama,Alabama,1247,541,546,226,1061,142,27,86,0.249,0.383,0.5382,0.336,0.496,0.4762,0.245,0.379,0.5469,0.338,0.5,0.4793,,,,0.549,0.601,0.564,0.536,General population,F,Convenience,6,2020,8,2020,None,Convenience sample. Recruitment via social media and community organizations.
Arizona,Arizona,576,189,221,268,352,32,194,42,0.254,0.325,0.2795,0.372,0.493,0.3253,0.163,0.199,0.2209,,,,0.403,0.581,0.4417,0.571,0.664,0.625,0.639,General population�,T,Representative,7,2020,9,2020,Income,"Representative sample with survey panel (on race, ethnicity) with oversampling of low-income population with Qualtrics."
California,California | Bay Area,724,620,321,232,223,6,122,49,0.2,0.33,0.65,0.24,0.37,0.5417,0.12,0.21,0.75,,,,0.34,0.5,0.4706,0.49,0.61,0.46,0.52,General population,F,Convenience,8,2020,12,2020,None,Convenience sample. Recruitment via social media and community organizations.
Illinois,Illinois | Chicago,680,379,314,498,169,215,258,103,0.42,0.46,0.0952,0.458,0.502,0.0961,0.3,0.3,0,0.5,0.51,0.02,0.38,0.46,0.2105,0.56,0.64,0.56,0.43,High-risk population ,F,High-Risk,6,2020,8,2020,None,"High-risk sample.  Survey panel sampling with Qualtrics to meet specific race, ethnicity, income and education quotas. Oversampled low-income population (50%), Black (50%), Hispanic (50%) and 50% high school education or less."
Connecticut,Greater Hartford Connecticut,512,199,286,158,354,56,73,54,0.345,0.457,0.3246,0.43,0.589,0.3698,0.308,0.398,0.2922,0.464,0.518,0.1164,0.425,0.644,0.5153,0.594,0.693,0.614,0.537,Oversampled low-income population,F,High-Risk,8,2020,9,2020,None,"High-risk sample. Survey panel with oversampled low-income population, but representative on race and ethnicity  with Qualtrics."
Maine,Maine,504,97,193,42,477,9,8,8,0.252,0.341,0.3532,0.462,0.564,0.2208,0.258,0.357,0.3837,,,,,,,0.45,0.535,0.241,0.36,General population,T,Representative,8,2020,10,2020,None,Representative sample with survey panel (income) with Qualtrics.
Maryland,Maryland,903,330,368,427,555,239,91,97,0.2184,0.2881,0.3191,0.23,0.29,0.2609,0.21,0.29,0.381,0.28,0.31,0.1071,0.3,0.44,0.4667,0.508,0.628,0.587,0.545,General population�,T,Representative,7,2020,10,2020,None,"Representative sample with survey panel (on race, ethnicity and income) with Qualtrics."
Massachusetts,Massachusetts,2939,1098,1467,748,2191,202,292,254,0.192,0.298,0.5521,0.321,0.461,0.4361,0.148,0.243,0.6419,0.308,0.447,0.4513,0.439,0.579,0.3189,0.442,0.55,0.416,0.456,General population�,T,Representative,10,2020,2,2021,"Household income, age, gender, race/ethnicity, education, geographic region","Representative sample with survey panel (on race, ethnicity, education, age, gender, geographic region) with oversampling of low- income population with Qualtrics."
Michigan,Michigan,484,237,279,64,418,25,18,21,,0.362,,,0.516,,,0.34,,,,,,,,0.43,0.47,0.39,0.451,General population,F,Convenience,6,2020,7,2020,None,Convenience sample. Recruitment via social media.
National,National,1510,515,568,585,925,212,255,118,0.253,0.34,0.3439,0.227,0.285,0.2555,0.267,0.364,0.3633,0.315,0.391,0.2413,0.181,0.233,0.2873,0.55,0.631,0.62,0.586,General population�,T,Representative,7,2020,9,2020,Income,"Representative sample with survey panel (on race, ethnicity) and oversampling of low-income population with Qualtrics."
New Mexico,New Mexico,1415,406,261,494,843,15,362,117,0.3,0.3,0,0.4,0.39,-0.025,0.27,0.265,-0.0185,,,,0.436,0.411,-0.0573,0.56,0.615,0.585,0.532,General population,F,Convenience,5,2020,7,2020,None,Convenience sample. Recruitment via social media and community organizations.
New York,New York | NYC | 1,1165,599,494,876,289,252,496,128,0.661,0.739,0.118,0.477,0.599,0.2558,0.252,0.408,0.619,0.532,0.619,0.1635,0.544,0.655,0.204,0.658,0.677,0.528,0.681,High-risk population ,F,High-Risk,5,2020,7,2020,None,"High-risk sample. Nested quota via social media campaign, community-based organizations, convenience sample, and survey consumer panel sampling via Qualtrics to meet specific race/ethnicity, income and education quotas. This includes an oversampling of Blacks (50%), Hispanics (50%), high school education or less (50%), and low income (50% below $25,000 annual income before taxes)."
New York,New York | NYC | 2,525,317,285,484,41,154,123,102,0.433,0.567,0.3095,0.64,0.731,0.1422,0.857,0.833,-0.028,0.591,0.649,0.0981,0.577,0.715,0.2392,0.772,0.87,0.813,0.81,High-risk population ,F,High-Risk,7,2020,9,2020,None,"High-risk sample. Non-proportional quota sample, recruited by Qualtrics. Oversampled low-income population (50%), Black (40%, Hispanic (40%), Native American (20%) and 50% high school education or less."
New York,New York,494,207,189,494,,260,234,,0.3513,0.5367,0.5278,0.393,0.565,0.4377,0.261,0.338,0.295,0.488,0.7,0.4344,,,,0.564,0.639,0.609,0.562,High-risk population ,F,High-Risk,7,2020,10,2020,None,"High-risk sample. Non--proportional quota sample recruited by Qualtrics. Quotas: low-income or low-education (50%), Black (50%) and Hispanic (50%)."
New York,New York | Capital Region | 1,479,167,294,156,353,43,42,71,0.3006,0.4047,0.3463,0.687,0.838,0.2198,0.203,0.4,0.9704,0.776,0.936,0.2062,0.63,0.764,0.2127,0.6349,0.7248,0.8168,0.75,General population,T,Representative,10,2020,2,2021,None,"Representative sample with survey panel (on race, ethnicity and income) with Qualtrics."
New York,New York | Capital Region | 2,427,283,327,137,317,62,56,19,0.074,0.108,0.4595,0.194,0.258,0.3299,0.063,0.097,0.5397,,,,,,,0.215,0.282,0.205,0.188,General population,F,Convenience,1,2021,3,2021,None,Convenience sample. Recruitment via social media and community organizations.
New York,New York | Central/Upstate,434,120,144,30,380,2,10,22,0.3305,0.484,0.4644,0.331,0.484,0.4622,,,,0.296,0.416,0.4054,0.369,0.56,0.5176,0.641,0.727,0.534,0.661,General population,F,Convenience,10,2020,1,2021,None,"Convenience sample. Recruitment via listservs, social media, community organizations."
Utah,Utah,644,219,277,102,392,12,61,56,0.559,0.687,0.229,0.52,0.794,0.5269,0.548,0.673,0.2281,,,,0.475,0.726,0.5284,0.749,0.799,0.76,0.766,High-risk population ,F,High-Risk,7,2020,10,2020,None,Convenience sample. Recruited Supplemental Nutrition Assistance Program (SNAP) participants through state list-serv of current SNAP recipients.
Vermont,Vermont | 1,3016,913,1103,150,2603,5,45,104,0.225,0.29,0.2889,0.4,0.451,0.1275,0.18,0.237,0.3167,,,,0.21,0.279,0.3286,0.39,0.501,0.357,0.31,General population,F,Convenience,3,2020,5,2020,None,"Convenience sample. Recruitment via listservs, social media, community organizations."
Vermont,Vermont | 2,1212,383,294,57,1137,3,19,37,0.18,0.24,0.3333,0.315,0.385,0.2222,0.167,0.181,0.0838,,,,,,,0.275,0.338,0.26,0.242,General population,F,Convenience,5,2020,7,2020,None,"Convenience sample. Recruitment via listservs, social media, community organizations."
Vermont,Vermont | 3,578,178,270,49,551,6,17,26,0.174,0.187,0.0747,0.282,0.362,0.2837,0.22,0.287,0.3045,,,,,,,0.387,0.517,0.461,0.414,General population,T,Representative,7,2020,10,2020,None,"Representative sample with survey panel (on race, ethnicity and income) with Qualtrics."
Washington,Washington State | 1,2514,1095,636,592,1910,93,210,289,,0.269,,,0.424,,,0.26,,,0.52,,,0.47,,,0.481,,,General population,F,Convenience,6,2020,8,2020,None,"Convenience sample. Recruitment via listservs, social media, community organizations."
Washington,Washington State | 2,3169,1541,343,737,2647,98,283,356,,0.3,,,0.316,,,0.245,,,0.398,,,0.375,,0.37,0.5,0.34,0.34,General population,F,Convenience,12,2020,2,2021,None,"Convenience sample. Recruitment via listservs, social media, community organizations, recontact of wave respondents."
Wisconsin,Wisconsin,1017,393,430,181,836,58,80,43,0.28,0.362,0.2929,0.359,0.47,0.3092,0.263,0.339,0.289,0.397,0.552,0.3904,0.375,0.5,0.3333,0.598,0.731,0.635,0.602,General population,T,Representative,7,2020,11,2020,None,"Representative sample with survey panel (on race, ethnicity and income) with Qualtrics. Oversample Milwaukee area."
